name,email,password,phone,address,answer
User1,user1@test.com,Pass@1231,90000001,Address 1,blue
User2,user2@test.com,Pass@1232,90000002,Address 2,green
User3,user3@test.com,Pass@1233,90000003,Address 3,red
User4,user4@test.com,Pass@1234,90000004,Address 4,yellow
User5,user5@test.com,Pass@1235,90000005,Address 5,black
User6,user6@test.com,Pass@1236,90000006,Address 6,white
User7,user7@test.com,Pass@1237,90000007,Address 7,orange
User8,user8@test.com,Pass@1238,90000008,Address 8,purple
User9,user9@test.com,Pass@1239,90000009,Address 9,blue
User10,user10@test.com,Pass@12310,90000010,Address 10,green
User11,user11@test.com,Pass@12311,90000011,Address 11,red
User12,user12@test.com,Pass@12312,90000012,Address 12,yellow
User13,user13@test.com,Pass@12313,90000013,Address 13,black
User14,user14@test.com,Pass@12314,90000014,Address 14,white
User15,user15@test.com,Pass@12315,90000015,Address 15,orange
User16,user16@test.com,Pass@12316,90000016,Address 16,purple
User17,user17@test.com,Pass@12317,90000017,Address 17,blue
User18,user18@test.com,Pass@12318,90000018,Address 18,green
User19,user19@test.com,Pass@12319,90000019,Address 19,red
User20,user20@test.com,Pass@12320,90000020,Address 20,yellow
User21,user21@test.com,Pass@12321,90000021,Address 21,black
User22,user22@test.com,Pass@12322,90000022,Address 22,white
User23,user23@test.com,Pass@12323,90000023,Address 23,orange
User24,user24@test.com,Pass@12324,90000024,Address 24,purple
User25,user25@test.com,Pass@12325,90000025,Address 25,blue
User26,user26@test.com,Pass@12326,90000026,Address 26,green
User27,user27@test.com,Pass@12327,90000027,Address 27,red
User28,user28@test.com,Pass@12328,90000028,Address 28,yellow
User29,user29@test.com,Pass@12329,90000029,Address 29,black
User30,user30@test.com,Pass@12330,90000030,Address 30,white
User31,user31@test.com,Pass@12331,90000031,Address 31,orange
User32,user32@test.com,Pass@12332,90000032,Address 32,purple
User33,user33@test.com,Pass@12333,90000033,Address 33,blue
User34,user34@test.com,Pass@12334,90000034,Address 34,green
User35,user35@test.com,Pass@12335,90000035,Address 35,red
User36,user36@test.com,Pass@12336,90000036,Address 36,yellow
User37,user37@test.com,Pass@12337,90000037,Address 37,black
User38,user38@test.com,Pass@12338,90000038,Address 38,white
User39,user39@test.com,Pass@12339,90000039,Address 39,orange
User40,user40@test.com,Pass@12340,90000040,Address 40,purple
User41,user41@test.com,Pass@12341,90000041,Address 41,blue
User42,user42@test.com,Pass@12342,90000042,Address 42,green
User43,user43@test.com,Pass@12343,90000043,Address 43,red
User44,user44@test.com,Pass@12344,90000044,Address 44,yellow
User45,user45@test.com,Pass@12345,90000045,Address 45,black
User46,user46@test.com,Pass@12346,90000046,Address 46,white
User47,user47@test.com,Pass@12347,90000047,Address 47,orange
User48,user48@test.com,Pass@12348,90000048,Address 48,purple
User49,user49@test.com,Pass@12349,90000049,Address 49,blue
User50,user50@test.com,Pass@12350,90000050,Address 50,green
User51,user51@test.com,Pass@12351,90000051,Address 51,red
User52,user52@test.com,Pass@12352,90000052,Address 52,yellow
User53,user53@test.com,Pass@12353,90000053,Address 53,black
User54,user54@test.com,Pass@12354,90000054,Address 54,white
User55,user55@test.com,Pass@12355,90000055,Address 55,orange
User56,user56@test.com,Pass@12356,90000056,Address 56,purple
User57,user57@test.com,Pass@12357,90000057,Address 57,blue
User58,user58@test.com,Pass@12358,90000058,Address 58,green
User59,user59@test.com,Pass@12359,90000059,Address 59,red
User60,user60@test.com,Pass@12360,90000060,Address 60,yellow
User61,user61@test.com,Pass@12361,90000061,Address 61,black
User62,user62@test.com,Pass@12362,90000062,Address 62,white
User63,user63@test.com,Pass@12363,90000063,Address 63,orange
User64,user64@test.com,Pass@12364,90000064,Address 64,purple
User65,user65@test.com,Pass@12365,90000065,Address 65,blue
User66,user66@test.com,Pass@12366,90000066,Address 66,green
User67,user67@test.com,Pass@12367,90000067,Address 67,red
User68,user68@test.com,Pass@12368,90000068,Address 68,yellow
User69,user69@test.com,Pass@12369,90000069,Address 69,black
User70,user70@test.com,Pass@12370,90000070,Address 70,white
User71,user71@test.com,Pass@12371,90000071,Address 71,orange
User72,user72@test.com,Pass@12372,90000072,Address 72,purple
User73,user73@test.com,Pass@12373,90000073,Address 73,blue
User74,user74@test.com,Pass@12374,90000074,Address 74,green
User75,user75@test.com,Pass@12375,90000075,Address 75,red
User76,user76@test.com,Pass@12376,90000076,Address 76,yellow
User77,user77@test.com,Pass@12377,90000077,Address 77,black
User78,user78@test.com,Pass@12378,90000078,Address 78,white
User79,user79@test.com,Pass@12379,90000079,Address 79,orange
User80,user80@test.com,Pass@12380,90000080,Address 80,purple
User81,user81@test.com,Pass@12381,90000081,Address 81,blue
User82,user82@test.com,Pass@12382,90000082,Address 82,green
User83,user83@test.com,Pass@12383,90000083,Address 83,red
User84,user84@test.com,Pass@12384,90000084,Address 84,yellow
User85,user85@test.com,Pass@12385,90000085,Address 85,black
User86,user86@test.com,Pass@12386,90000086,Address 86,white
User87,user87@test.com,Pass@12387,90000087,Address 87,orange
User88,user88@test.com,Pass@12388,90000088,Address 88,purple
User89,user89@test.com,Pass@12389,90000089,Address 89,blue
User90,user90@test.com,Pass@12390,90000090,Address 90,green
User91,user91@test.com,Pass@12391,90000091,Address 91,red
User92,user92@test.com,Pass@12392,90000092,Address 92,yellow
User93,user93@test.com,Pass@12393,90000093,Address 93,black
User94,user94@test.com,Pass@12394,90000094,Address 94,white
User95,user95@test.com,Pass@12395,90000095,Address 95,orange
User96,user96@test.com,Pass@12396,90000096,Address 96,purple
User97,user97@test.com,Pass@12397,90000097,Address 97,blue
User98,user98@test.com,Pass@12398,90000098,Address 98,green
User99,user99@test.com,Pass@12399,90000099,Address 99,red
User100,user100@test.com,Pass@123100,90000100,Address 100,yellow
